{
    "modulePosition": "FrontLeft",
    
    "gearRatios": [10.40, 5.07],

    "wheelDiameter": 4.0, 

    "angles": [0.0, 1.5707, 3.1415, 4.7123, 6.2831],
    "offsets": [1.279296744, 2.515868883, 3.811034766, 0.037841793, 1.279296743],
    
    "speedKP": 0.0001,
    "speedKI": 0.0,
    "speedKD": 0.0,
    "speedMaxAccel": 20000.0,
    "speedMaxVel": 40000.0,
    "speedKS": 0.6284,
    "speedKV": 0.0005339,
    "speedPIDTolerance": 0.05,

    "maxWheelSpeed": 10,

    "angleKP": 2.0,
    "angleKI": 0.0,
    "angleKD": 0.0,
    "angleMaxAccel": 90.0,
    "angleKS": 0.414521,
    "angleKV": 0.115996,
    "anglePIDTolerance": 0.0
}