{
    "modulePosition": "BackRight",
    
    "gearRatios": [10.40, 5.07],

    "wheelDiameter": 4.0, 

    "angles": [0.0, 1.5707, 3.1415, 4.7123, 6.2831],
    "offsets": [2.891845407, 4.117431219, 0.391845663, 1.633300614, 2.891845406],
    
    "speedKP": 0.0007,
    "speedKI": 0.0,
    "speedKD": 0.0,
    "speedMaxAccel": 20000.0,
    "speedMaxVel": 40000.0,
    "speedKS": 0.6284,
    "speedKV": 0.0005339,
    "speedPIDTolerance": 0.05,

    "maxWheelSpeed": 10,

    "angleKP": 6.0,
    "angleKI": 0.0,
    "angleKD": 0.0,
    "angleMaxAccel": 90.0,
    "angleKS": 0.0357224,
    "angleKV": 0.207199,
    "anglePIDTolerance": 0.0

}