{   
    "modulePosition": "BackLeft",
    
    "gearRatios": [10.40, 5.07],

    "wheelDiameter": 4.0, 

    "angles": [0.0, 1.5707, 3.1415, 4.7123, 6.2831],
    "offsets": [2.972411805, 4.151610903, 0.465087843, 1.594238118, 2.972411804],
    
    "speedKP": 0.0007,
    "speedKI": 0.0,
    "speedKD": 0.0,
    "speedMaxAccel": 20000.0,
    "speedMaxVel": 40000.0,
    "speedKS": 0.6284,
    "speedKV": 0.0005339,
    "speedPIDTolerance": 0.05,

    "maxWheelSpeed": 10,

    "angleKP": 6.0,
    "angleKI": 0.0,
    "angleKD": 0.0,
    "angleMaxAccel": 70.0,
    "angleKS": 0.0357224,
    "angleKV": 0.207199,
    "anglePIDTolerance": 0.0
    

}