{
    "modulePosition": "FrontRight",
    "gearRatios": [10.40, 5.07],

    "wheelDiameter": 4.0, 

    "angles": [0.0, 1.5707, 3.1415, 4.7123, 6.2831],
    "offsets": [1.610107257, 2.883300486, 4.184569884, 0.433349565, 1.610107256],
    
    "speedKP": 0.001,
    "speedKI": 0.000,
    "speedKD": 0.0,
    "speedMaxAccel": 20000.0,
    "speedMaxVel": 40000.0,
    "speedKS": 0.619779,
    "speedKV": 0.000516,
    "speedPIDTolerance": 0.05,

    "maxWheelSpeed": 10,

    "angleKP": 6.0,
    "angleKI": 2.0,
    "angleKD": 0.0,
    "angleMaxAccel": 70.0,
    "angleKS": 0.0357224,
    "angleKV": 0.207199,
    "anglePIDTolerance": 0.0
}